Workbook

Sheet ข้อมูลนำเข้า
A1: เลขประจำตัวประชาชน | B1: รหัสผ่าน | C1: ชื่อ-นามสกุล | D1: บทบาท | E1: หน่วยบริการ | F1: ตำแหน่ง | G1: ระดับตำแหน่ง | H1: ระดับที่คาดหวัง | I1: สถานะใช้งาน
H2: =IF(SUMPRODUCT(('ข้อมูลอ้างอิง'!$G$2:$G$21=F2)*('ข้อมูลอ้างอิง'!$H$2:$H$21=G2)*'ข้อมูลอ้างอิง'!$I$2:$I$21)=0,"",SUMPRODUCT(('ข้อมูลอ้างอิง'!$G$2:$G$21=F2)*('ข้อมูลอ้างอิง'!$H$2:$H$21=G2)*'ข้อมูลอ้างอิง'!$I$2:$I$21))
H3: =IF(SUMPRODUCT(('ข้อมูลอ้างอิง'!$G$2:$G$21=F3)*('ข้อมูลอ้างอิง'!$H$2:$H$21=G3)*'ข้อมูลอ้างอิง'!$I$2:$I$21)=0,"",SUMPRODUCT(('ข้อมูลอ้างอิง'!$G$2:$G$21=F3)*('ข้อมูลอ้างอิง'!$H$2:$H$21=G3)*'ข้อมูลอ้างอิง'!$I$2:$I$21))
H4: =IF(SUMPRODUCT(('ข้อมูลอ้างอิง'!$G$2:$G$21=F4)*('ข้อมูลอ้างอิง'!$H$2:$H$21=G4)*'ข้อมูลอ้างอิง'!$I$2:$I$21)=0,"",SUMPRODUCT(('ข้อมูลอ้างอิง'!$G$2:$G$21=F4)*('ข้อมูลอ้างอิง'!$H$2:$H$21=G4)*'ข้อมูลอ้างอิง'!$I$2:$I$21))
H5: =IF(SUMPRODUCT(('ข้อมูลอ้างอิง'!$G$2:$G$21=F5)*('ข้อมูลอ้างอิง'!$H$2:$H$21=G5)*'ข้อมูลอ้างอิง'!$I$2:$I$21)=0,"",SUMPRODUCT(('ข้อมูลอ้างอิง'!$G$2:$G$21=F5)*('ข้อมูลอ้างอิง'!$H$2:$H$21=G5)*'ข้อมูลอ้างอิง'!$I$2:$I$21))
H6: =IF(SUMPRODUCT(('ข้อมูลอ้างอิง'!$G$2:$G$21=F6)*('ข้อมูลอ้างอิง'!$H$2:$H$21=G6)*'ข้อมูลอ้างอิง'!$I$2:$I$21)=0,"",SUMPRODUCT(('ข้อมูลอ้างอิง'!$G$2:$G$21=F6)*('ข้อมูลอ้างอิง'!$H$2:$H$21=G6)*'ข้อมูลอ้างอิง'!$I$2:$I$21))
H7: =IF(SUMPRODUCT(('ข้อมูลอ้างอิง'!$G$2:$G$21=F7)*('ข้อมูลอ้างอิง'!$H$2:$H$21=G7)*'ข้อมูลอ้างอิง'!$I$2:$I$21)=0,"",SUMPRODUCT(('ข้อมูลอ้างอิง'!$G$2:$G$21=F7)*('ข้อมูลอ้างอิง'!$H$2:$H$21=G7)*'ข้อมูลอ้างอิง'!$I$2:$I$21))
H8: =IF(SUMPRODUCT(('ข้อมูลอ้างอิง'!$G$2:$G$21=F8)*('ข้อมูลอ้างอิง'!$H$2:$H$21=G8)*'ข้อมูลอ้างอิง'!$I$2:$I$21)=0,"",SUMPRODUCT(('ข้อมูลอ้างอิง'!$G$2:$G$21=F8)*('ข้อมูลอ้างอิง'!$H$2:$H$21=G8)*'ข้อมูลอ้างอิง'!$I$2:$I$21))
H9: =IF(SUMPRODUCT(('ข้อมูลอ้างอิง'!$G$2:$G$21=F9)*('ข้อมูลอ้างอิง'!$H$2:$H$21=G9)*'ข้อมูลอ้างอิง'!$I$2:$I$21)=0,"",SUMPRODUCT(('ข้อมูลอ้างอิง'!$G$2:$G$21=F9)*('ข้อมูลอ้างอิง'!$H$2:$H$21=G9)*'ข้อมูลอ้างอิง'!$I$2:$I$21))
H10: =IF(SUMPRODUCT(('ข้อมูลอ้างอิง'!$G$2:$G$21=F10)*('ข้อมูลอ้างอิง'!$H$2:$H$21=G10)*'ข้อมูลอ้างอิง'!$I$2:$I$21)=0,"",SUMPRODUCT(('ข้อมูลอ้างอิง'!$G$2:$G$21=F10)*('ข้อมูลอ้างอิง'!$H$2:$H$21=G10)*'ข้อมูลอ้างอิง'!$I$2:$I$21))
H11: =IF(SUMPRODUCT(('ข้อมูลอ้างอิง'!$G$2:$G$21=F11)*('ข้อมูลอ้างอิง'!$H$2:$H$21=G11)*'ข้อมูลอ้างอิง'!$I$2:$I$21)=0,"",SUMPRODUCT(('ข้อมูลอ้างอิง'!$G$2:$G$21=F11)*('ข้อมูลอ้างอิง'!$H$2:$H$21=G11)*'ข้อมูลอ้างอิง'!$I$2:$I$21))
H12: =IF(SUMPRODUCT(('ข้อมูลอ้างอิง'!$G$2:$G$21=F12)*('ข้อมูลอ้างอิง'!$H$2:$H$21=G12)*'ข้อมูลอ้างอิง'!$I$2:$I$21)=0,"",SUMPRODUCT(('ข้อมูลอ้างอิง'!$G$2:$G$21=F12)*('ข้อมูลอ้างอิง'!$H$2:$H$21=G12)*'ข้อมูลอ้างอิง'!$I$2:$I$21))
H13: =IF(SUMPRODUCT(('ข้อมูลอ้างอิง'!$G$2:$G$21=F13)*('ข้อมูลอ้างอิง'!$H$2:$H$21=G13)*'ข้อมูลอ้างอิง'!$I$2:$I$21)=0,"",SUMPRODUCT(('ข้อมูลอ้างอิง'!$G$2:$G$21=F13)*('ข้อมูลอ้างอิง'!$H$2:$H$21=G13)*'ข้อมูลอ้างอิง'!$I$2:$I$21))
... H100: =IF(SUMPRODUCT(('ข้อมูลอ้างอิง'!$G$2:$G$21=F100)*('ข้อมูลอ้างอิง'!$H$2:$H$21=G100)*'ข้อมูลอ้างอิง'!$I$2:$I$21)=0,"",SUMPRODUCT(('ข้อมูลอ้างอิง'!$G$2:$G$21=F100)*('ข้อมูลอ้างอิง'!$H$2:$H$21=G100)*'ข้อมูลอ้างอิง'!$I$2:$I$21))

Sheet คำแนะนำ
A1: คำแนะนำการนำเข้าข้อมูลบุคลากร | B1: คำแนะนำการนำเข้าข้อมูลบุคลากร
A3: ขั้นตอน | B3: รายละเอียด
A4: 1 | B4: กรอกข้อมูลในชีต “ข้อมูลนำเข้า” ตั้งแต่แถวที่ 2 เป็นต้นไป
A5: 2 | B5: ห้ามแก้ชื่อคอลัมน์ในแถวที่ 1
A6: 3 | B6: เลขประจำตัวประชาชนต้องเป็นตัวเลข 13 หลักและไม่ซ้ำกับผู้ใช้เดิม
A7: 4 | B7: รหัสผ่านเว้นว่างได้ ระบบจะใช้เลข 6 หลักท้ายของเลขประจำตัวประชาชน
A8: 5 | B8: บทบาทเลือกได้เฉพาะ สสอ., ผอ.รพ.สต. หรือ บุคลากร (Template นี้ไม่รับบทบาท admin)
A9: 6 | B9: ชื่อหน่วยบริการ ตำแหน่ง และระดับตำแหน่งให้เลือกจากรายการในแต่ละช่อง
A10: 7 | B10: ระดับที่คาดหวังคำนวณอัตโนมัติจากตำแหน่งและระดับตำแหน่ง ไม่ต้องกรอกเอง
A11: 8 | B11: สถานะใช้งานใช้คำว่า ใช้งาน หรือ ปิดใช้งาน
A12: 9 | B12: หากพบข้อมูลผิด ระบบจะไม่บันทึกทั้งไฟล์และจะแจ้งเลขแถวที่ต้องแก้ไข

Sheet ข้อมูลอ้างอิง
A1: บทบาท | B1: หน่วยบริการ | C1: ตำแหน่ง | D1: ระดับตำแหน่ง | E1: ระดับคาดหวัง | F1: สถานะใช้งาน | G1: ตำแหน่งตามเกณฑ์ | H1: ระดับตามเกณฑ์ | I1: ระดับที่คาดหวัง
A2: สสอ. | B2: 00914 - สสอ.บันนังสตา | C2: สาธารณสุขอำเภอ | D2: อำนวยการระดับสูง | E2: 1 | F2: ใช้งาน | G2: สาธารณสุขอำเภอ | H2: อำนวยการระดับสูง | I2: 2
A3: ผอ.รพ.สต. | B3: 10039 - รพ.สต.บ้านบางลาง | C3: ผู้อำนวยการ รพ.สต. | D3: ผู้อำนวยการ | E3: 2 | F3: ปิดใช้งาน | G3: ผู้อำนวยการ รพ.สต. | H3: ผู้อำนวยการ | I3: 2
A4: บุคลากร | B4: 10041 - รพ.สต.บ้านทำนบ | C4: นักวิชาการสาธารณสุข | D4: ปฏิบัติการ | E4: 3 | G4: นักวิชาการสาธารณสุข | H4: ปฏิบัติการ | I4: 1
B5: 10042 - รพ.สต.บ้านบันนังบูโบ | C5: นักสาธารณสุข | D5: ชำนาญการ | G5: นักวิชาการสาธารณสุข | H5: ชำนาญการ | I5: 1
B6: 10043 - รพ.สต.บ้านตะบิงติงงี | C6: พยาบาลวิชาชีพ | D6: ชำนาญการพิเศษ | G6: นักวิชาการสาธารณสุข | H6: ชำนาญการพิเศษ | I6: 2
B7: 10045 - รพ.สต.บ้านสายตาเอียด | C7: นักวิชาการคอมพิวเตอร์ | D7: ปฏิบัติงาน | G7: นักสาธารณสุข | H7: ปฏิบัติการ | I7: 1
B8: 10046 - รพ.สต.บ้านกือลอง | C8: แพทย์แผนไทย | D8: อาวุโส | G8: นักสาธารณสุข | H8: ชำนาญการ | I8: 1
B9: 10047 - รพ.สต.บ้านสันติ1 | C9: เจ้าพนักงานสาธารณสุข | G9: พยาบาลวิชาชีพ | H9: ปฏิบัติการ | I9: 1
B10: 14992 - รพ.สต.บือซู | C10: เจ้าพนักงานทันตสาธารณสุข | G10: พยาบาลวิชาชีพ | H10: ชำนาญการ | I10: 1
B11: 10040 - รพ.สต.บ้าน กม.26 | C11: เจ้าพนักงานการเงินและบัญชี | G11: นักวิชาการคอมพิวเตอร์ | H11: ปฏิบัติการ | I11: 1
G12: นักวิชาการคอมพิวเตอร์ | H12: ชำนาญการ | I12: 1
G13: แพทย์แผนไทย | H13: ปฏิบัติการ | I13: 1
G14: แพทย์แผนไทย | H14: ชำนาญการ | I14: 1
G15: เจ้าพนักงานสาธารณสุข | H15: ปฏิบัติงาน | I15: 1
G16: เจ้าพนักงานสาธารณสุข | H16: ชำนาญการ | I16: 1
G17: เจ้าพนักงานสาธารณสุข | H17: อาวุโส | I17: 2
G18: เจ้าพนักงานทันตสาธารณสุข | H18: ปฏิบัติงาน | I18: 1
G19: เจ้าพนักงานทันตสาธารณสุข | H19: ชำนาญการ | I19: 1
G20: เจ้าพนักงานการเงินและบัญชี | H20: ปฏิบัติงาน | I20: 1
G21: เจ้าพนักงานการเงินและบัญชี | H21: ชำนาญการ | I21: 1
